source	target	value
0	207	0.08662038152413604
0	301	0.13174780044880646
1	14	0.0726317159254539
1	22	0.058064227913902144
1	35	0.0473976220373991
1	43	0.0730587810700877
1	51	0.06112981484658831
1	71	0.047030575937842926
1	132	0.07281917027074034
1	135	0.06888183697604523
1	141	0.06266742802763461
1	155	0.05968887959114448
1	163	0.04471390445095609
1	169	0.0641698520282565
1	190	0.05251147775003518
1	191	0.07132863989145398
1	205	0.06234819386002706
1	211	0.06252747497663684
1	216	0.07370095735679796
1	221	0.0753179772976172
1	223	0.06040357352704195
1	224	0.04986835312183768
1	229	0.06679465674589179
1	345	0.061539961101364726
1	346	0.06873131709322501
1	347	0.04984054847049423
1	352	0.04826738107100761
1	353	0.07139743433399691
1	354	0.06108972180244976
1	358	0.05654870488988511
1	360	0.06663088288817708
1	367	0.05269768579634204
2	298	0.07758778848536613
3	271	0.14624995991271125
3	360	0.11334412131877598
4	11	0.05385509151108765
4	67	0.05865739712332394
4	123	0.05882677377948664
4	130	0.06431556003220153
4	137	0.06669436184996823
4	172	0.07179383755278362
4	233	0.0755863468077516
4	342	0.056768301864977506
5	201	0.09014562542347322
6	21	0.0608624645739153
6	44	0.06588583216440945
6	70	0.07077715934859943
6	105	0.04814109066039279
6	106	0.06682363513182955
6	107	0.07340522855878281
6	112	0.07486981847465256
6	141	0.0750660044177362
6	142	0.05894950549130983
6	154	0.05949044835049978
6	169	0.0520929894550931
6	170	0.05697133159009483
6	191	0.062805300193052
6	197	0.06037491817327052
6	215	0.05799089452066895
6	346	0.0648219356204959
7	34	0.06317113645698402
7	50	0.071149322239086
7	112	0.07376635487774946
7	119	0.07616683121843379
7	147	0.06972447233240968
7	161	0.06636093199996819
7	167	0.07537500746002375
7	168	0.07267671390174721
7	189	0.07389509686273454
7	203	0.04908868729905042
7	332	0.07287458916367542
7	372	0.07160185238091694
8	231	0.0925373535613777
9	64	0.07297208348544121
9	186	0.0732176433745782
9	363	0.06500787351312642
10	148	0.0807442295470842
10	318	0.0854693676941282
11	67	0.05926262857492265
11	130	0.0749067977565399
11	172	0.074699448246391
11	342	0.05937899802179991
12	145	0.08188531810790556
13	177	0.356284711521082
14	120	0.07252704612299707
14	135	0.06720124235019426
14	141	0.06550284722280786
14	163	0.06530409763287318
14	169	0.06296038740532846
14	190	0.06757032712782186
14	191	0.06423089937287475
14	215	0.07301664345682522
14	216	0.06317927042411738
14	358	0.07286456439054388
14	359	0.07368565985177464
14	360	0.062299308510840735
15	278	0.10172708609238162
16	190	0.0689900242010594
16	360	0.06925097968496194
17	45	0.07021252645207646
17	108	0.06792792072386661
17	143	0.06186993555050992
17	157	0.06706768575656967
17	164	0.06161620766108934
17	185	0.07097017772388302
17	212	0.07337214900533293
17	245	0.0755301105998867
18	39	0.08856615355994239
18	356	0.08063023632273746
19	47	0.058347357643045675
19	117	0.07279097604778563
19	124	0.073198710424585
19	138	0.054298575682843485
19	357	0.06798839081141025
20	22	0.07275215774343359
20	34	0.06440502615627133
20	43	0.07632195382101821
20	50	0.07393425431054872
20	112	0.05964838001094539
20	113	0.06184716961299622
20	120	0.06493671090559616
20	132	0.05794182619283123
20	139	0.06472984485494566
20	141	0.056073350800716695
20	188	0.07208072538312472
20	204	0.07300542040771914
20	359	0.07293141472984901
21	34	0.07631287064449391
21	43	0.061934995143953335
21	49	0.06447391133498456
21	50	0.06188017075669778
21	100	0.06277507286600874
21	105	0.05494032720993729
21	107	0.06179805403666226
21	112	0.056796823830062786
21	113	0.057545418780945726
21	120	0.0617035222860106
21	126	0.06562318902573731
21	132	0.07328012514342833
21	134	0.06967199005451966
21	141	0.0542073027807564
21	142	0.058507751567115115
21	146	0.058008247666324494
21	153	0.06950263504425072
21	154	0.055488102317599534
21	160	0.06484778361632693
21	161	0.06610417774060232
21	168	0.06536846618428896
21	169	0.05436592741301742
21	170	0.05465687815572913
21	188	0.06836829338173099
21	189	0.055368198113929956
21	190	0.07040015243006932
21	191	0.06579239763487367
21	204	0.07263052207148656
21	215	0.05493410168306735
21	263	0.17367993865320513
21	332	0.06933893399701593
21	345	0.0740857882470647
21	346	0.04872398620517327
21	354	0.07580827213933487
21	358	0.062493227411689396
21	360	0.07620770228827806
22	34	0.07172946849544524
22	35	0.06147282217406936
22	43	0.0676836477611238
22	50	0.06353936910174408
22	51	0.06032903208835153
22	71	0.06655594875386658
22	112	0.06818765524509106
22	113	0.07194155584917632
22	120	0.06603974176767678
22	132	0.06631772183041636
22	135	0.06785083811701152
22	141	0.05477362122357179
22	155	0.07333144144728003
22	163	0.05920663507749814
22	169	0.06691875554541019
22	189	0.07579764658186162
22	190	0.06659504207058378
22	191	0.07456367642930298
22	205	0.06918148427473722
22	223	0.06713524200025374
22	224	0.06956261869531342
22	345	0.06953374726635268
22	346	0.06299848975459177
22	347	0.06634442517151269
22	352	0.07182906111685632
22	354	0.07183284105880539
22	358	0.05591535082100621
22	360	0.06933320940577266
22	367	0.06186003183197857
23	218	0.13764428086286934
23	231	0.10450963523701695
24	45	0.07613991310886302
24	59	0.06364529065483757
24	129	0.07023064286396953
24	150	0.07225506172422018
24	171	0.060013373407077256
24	199	0.07430084711243064
24	225	0.06543003976466072
24	235	0.07329361580533023
24	242	0.06465777680777486
24	286	0.0652234809546537
24	355	0.0718676173820704
25	60	0.07493834738236933
25	243	0.11331445141487592
25	248	0.07285216729906817
25	260	0.054681007238705504
25	280	0.0756210748984859
25	370	0.06539254643649277
26	33	0.0814207382811486
27	323	0.06975708973395041
27	324	0.07221506473122788
28	63	0.41000954035109594
28	175	0.41987787266995885
29	66	0.22907430155170425
29	86	0.21622198273529583
30	175	0.16083609887940037
31	199	0.10638827825589997
32	46	0.06556993999084146
32	151	0.07128703816910212
32	158	0.060673957046005256
33	103	0.07276773335585007
33	350	0.06922880882580726
34	35	0.07634244080201395
34	43	0.06510387317789662
34	49	0.06718760097815697
34	50	0.04975821018793985
34	51	0.06593695061186139
34	112	0.04885199037746653
34	113	0.05634864002773528
34	120	0.06602729075655357
34	132	0.06924128219412541
34	139	0.05341549292240272
34	141	0.06889300605018596
34	161	0.06850485694917606
34	167	0.05818761330087831
34	168	0.06193333965272253
34	188	0.06460272258575941
34	189	0.06403474440799511
34	203	0.043459445594569816
34	221	0.07525008941265098
34	332	0.0737135123247194
34	345	0.07225136398594573
34	346	0.06853635308367806
34	353	0.07298854426706507
34	354	0.07420653330113065
34	358	0.06954388471244254
34	359	0.05928603283413717
34	367	0.07121740172265784
35	43	0.07265240239854363
35	51	0.05273543802063896
35	71	0.049532172158958984
35	135	0.06550751160768539
35	141	0.07303607997953529
35	155	0.05516432853775918
35	163	0.05534102281697108
35	190	0.07635935752083786
35	205	0.06294309100741761
35	211	0.07195414154181273
35	221	0.07304372384808716
35	223	0.045202195289176836
35	224	0.057134311807499054
35	229	0.06932791759464585
35	347	0.047713453411786046
35	352	0.06156597165688607
35	354	0.07105544315752148
35	358	0.06860965845926682
35	367	0.04170919756617327
36	372	0.09092541564448574
37	43	0.0691509232402478
37	44	0.07244546356209747
37	51	0.07536553614294984
37	70	0.06738611987182822
37	71	0.07452779408422446
37	77	0.04973598770166924
37	121	0.06923630769317171
37	141	0.07475936535347145
37	149	0.061199659401780786
37	163	0.06709167190689996
37	170	0.0689056648330075
37	190	0.06003919422977489
37	191	0.07380208052200712
37	211	0.0482014627015006
37	215	0.0648122884058115
37	223	0.07568047338317997
37	224	0.0740628821754844
37	245	0.06553181404007395
37	333	0.07386748827292897
37	346	0.07552746319275376
37	352	0.07073752947314754
37	354	0.07562581204917314
38	45	0.05066088503096825
38	52	0.05494612343816501
38	59	0.05520228108887965
38	115	0.05894248432435552
38	122	0.06421372891445688
38	129	0.0745915729862269
38	143	0.05218164011970527
38	150	0.06778999620943936
38	157	0.047423224688472286
38	164	0.07001111153068419
38	185	0.058549046336889836
38	223	0.06656742462622832
38	224	0.06866263830465426
38	245	0.07646416672411657
38	255	0.08777384474687427
38	276	0.06288693319772419
38	277	0.07575831566910067
38	334	0.07599431360811156
38	341	0.06697828602649014
38	347	0.0707700100965594
38	355	0.07594911058262448
40	54	0.07738162834630721
40	110	0.06839350619028196
40	234	0.0754977413260761
40	244	0.061108102733987674
40	362	0.09106116279257197
41	142	0.07433788523727938
41	241	0.07576219321860839
41	282	0.07027670395512145
41	284	0.07594277987983925
41	325	0.0688733354023972
42	175	0.1305371158077742
43	50	0.039126731749270977
43	51	0.053981305660374804
43	69	0.06868359709023437
43	71	0.06275804868299924
43	100	0.06725185657641823
43	107	0.07603557935382187
43	112	0.06601534230866916
43	113	0.06551306603279394
43	114	0.06947508177254647
43	120	0.0694596875728955
43	132	0.07002003770152462
43	135	0.06853724613969485
43	141	0.051526358400198695
43	142	0.0757565924130151
43	146	0.06419062589022267
43	154	0.06436197019343527
43	155	0.06056504042114067
43	161	0.07566219342112099
43	163	0.06426809412504564
43	168	0.07351121736818665
43	169	0.06768656144599015
43	170	0.06748065322285272
43	189	0.06260716321759163
43	190	0.06777645470759754
43	191	0.07215940995298921
43	198	0.06857614158082609
43	204	0.06175692148697805
43	205	0.06965651627534336
43	211	0.07473387300212059
43	214	0.059146135475253735
43	215	0.06341443882261061
43	221	0.07355352481200264
43	223	0.06358577790594167
43	224	0.07470305665578598
43	245	0.06395749721874323
43	332	0.05260223822211709
43	333	0.07091567157164758
43	339	0.07627070551124138
43	345	0.06528189733373814
43	346	0.04813096601907391
43	347	0.07204766702151215
43	352	0.060576228605433984
43	353	0.05986447054008626
43	354	0.05275791595501942
43	358	0.052482802595641566
43	367	0.06756917965010066
44	56	0.07446351293076571
44	70	0.0633060249913903
44	100	0.07536262448723179
44	105	0.06747192628264538
44	127	0.07096575496343456
44	142	0.06332234495752229
44	154	0.07379154156166903
44	163	0.07441118233798309
44	169	0.06630544869449528
44	170	0.05851915062155636
44	191	0.051625883042898016
44	197	0.05244971175505091
44	215	0.05473415350954974
44	216	0.07596968557319611
44	333	0.06906422072746206
44	340	0.06630518734740336
44	346	0.0686284389099303
45	52	0.054626004172068345
45	59	0.0487559758058556
45	122	0.0620473306246572
45	129	0.0680022201469409
45	136	0.07204071468859737
45	143	0.05327138492502869
45	150	0.07301992876881885
45	157	0.041961972412465916
45	164	0.05849056932797326
45	185	0.04252279696837841
45	199	0.06650497196565198
45	212	0.06171075770241729
45	276	0.0697398479128563
45	286	0.06878414126594753
45	334	0.06802788122413443
45	341	0.04630754442989845
45	355	0.05074965690712134
46	60	0.07295537123857151
46	123	0.0672202116554987
46	130	0.06691099314084588
46	137	0.05731761128382339
46	144	0.06675655411415213
46	151	0.05059631100031307
46	158	0.0703260526796712
46	165	0.0690217028077223
46	200	0.06262996334920592
46	219	0.0691947325644462
46	233	0.060983008435204454
47	103	0.0712375363341913
47	117	0.07319969703188636
47	131	0.08050082252732549
47	138	0.07447272599078558
47	336	0.07024659395789609
47	357	0.06826043946618021
48	57	0.06563878384238683
48	111	0.10281473761269955
48	323	0.0688583822976607
48	324	0.07131989986857558
48	365	0.046155329082759815
49	50	0.0554460851871752
49	100	0.06419997193504907
49	105	0.06631194159204701
49	106	0.07413718746486152
49	107	0.05343766529686307
49	112	0.06404354937705274
49	113	0.045978517386256836
49	118	0.05188098042128258
49	119	0.06808949383856218
49	120	0.054995490784624776
49	139	0.0535337268553909
49	140	0.04915343361863131
49	141	0.07382055770922263
49	142	0.07135176743110039
49	146	0.0604095972410257
49	147	0.07506119390573938
49	154	0.062187202932377006
49	161	0.057439408876281045
49	167	0.05218685643672836
49	168	0.06783515721363326
49	188	0.052429477772556306
49	189	0.048099241357934704
49	203	0.06965695491399858
49	204	0.06848101131434604
49	324	0.07066248242640284
49	332	0.06598055669645489
49	339	0.06404021957023173
49	346	0.07020546442195989
49	365	0.07573837244797083
50	51	0.045319656867368725
50	56	0.07534979712007926
50	71	0.07273875546685028
50	100	0.05772796100961061
50	107	0.06380181891009676
50	112	0.056962213637607846
50	113	0.04912726263196705
50	114	0.059954471469143
50	120	0.05115565179722784
50	132	0.0735814645987512
50	135	0.07180006624975922
50	140	0.07092965806444305
50	141	0.05208189751215569
50	142	0.06466911705204927
50	146	0.0578196457517601
50	154	0.05556263718277353
50	155	0.06760628664232969
50	161	0.053259286728103365
50	163	0.06991124193532568
50	167	0.0701149814054449
50	168	0.06194719644583852
50	169	0.06928667806133357
50	170	0.07644472067952542
50	188	0.06970698147520485
50	189	0.039448911627108785
50	190	0.06995725265412082
50	198	0.06834922395032103
50	203	0.06320450104342855
50	204	0.05555748783963552
50	205	0.06406232637575518
50	215	0.07176636293735555
50	223	0.07502817807391925
50	332	0.04790267238836423
50	339	0.058269226348472765
50	345	0.06209518834679783
50	346	0.04329497059170877
50	347	0.07526625990049947
50	352	0.0732347103753051
50	353	0.0504347171630037
50	354	0.051877755982146605
50	358	0.05934898749114975
50	359	0.07184444904952339
50	367	0.06999792595271898
51	56	0.06269419379298151
51	71	0.0497474910318814
51	100	0.06258018268757733
51	112	0.07265037607271466
51	113	0.06479424317103008
51	114	0.05892198149985205
51	120	0.056536089018883164
51	135	0.053659519940401385
51	141	0.05792653176761432
51	146	0.07552675477156884
51	155	0.050712178327092634
51	163	0.05538494695053865
51	169	0.07632217218373205
51	189	0.066446264778524
51	190	0.06849707153219763
51	204	0.06551259964879724
51	205	0.0441969502297587
51	216	0.06787993849273703
51	223	0.06663611330594929
51	224	0.061766669020766156
51	332	0.07567892845845396
51	339	0.06892579769245673
51	345	0.07436139971931817
51	346	0.061422877305295935
51	347	0.05016952538114536
51	352	0.06772655743457344
51	353	0.05452454917252584
51	354	0.04912175912416123
51	358	0.062254419107574
51	359	0.0714634813469816
51	367	0.05703225298498938
52	59	0.05404003618303025
52	129	0.07259346293345736
52	150	0.04965658480879159
52	157	0.0744392625873425
52	171	0.07536616268706768
52	185	0.07265763999781262
52	334	0.07608678374364689
52	355	0.0757114402062161
53	151	0.07195244298788366
53	158	0.058457602788455604
53	274	0.1327270541277233
53	356	0.06824112986468693
55	239	0.1496900741297365
56	71	0.07398848430801828
56	100	0.06897049456053324
56	120	0.07161607256648542
56	127	0.05829615938465031
56	142	0.06874164615874274
56	191	0.07226553473720783
56	205	0.06903787864726563
56	215	0.0722263955759467
56	216	0.06413317840445187
56	256	0.0757221190556855
56	333	0.06500417891943445
56	339	0.07070312632007267
56	346	0.07024511933620307
56	354	0.07252212831116393
57	105	0.0752948137477524
57	106	0.06759876754870028
57	107	0.07188303820881001
57	323	0.07529221531046484
57	324	0.07443041381979724
57	365	0.07292106859285083
58	215	0.15103587656086856
59	73	0.0742830128943852
59	115	0.07390919142403486
59	122	0.06907472287834648
59	129	0.07046186926174199
59	136	0.07026757321161084
59	143	0.05903529410365888
59	150	0.048112385172161994
59	157	0.06540940474403718
59	171	0.07568711621120634
59	185	0.05180060987157053
59	225	0.0681376546240226
59	235	0.06544704560205435
59	286	0.0686853764810839
59	334	0.07111683578365245
59	341	0.07097440070835358
59	355	0.05893692535525424
60	130	0.07581578397446721
60	137	0.06933544947542827
60	151	0.07424265511518352
60	219	0.07434834675283777
60	233	0.06321307012937792
60	280	0.060452722823711086
60	370	0.0640243544317197
61	75	0.05919509706942502
61	138	0.07594416059423068
61	357	0.06476533949071898
61	371	0.0717816747754937
62	133	0.23573000902357016
65	84	0.2746491452549087
66	83	0.26730064039467744
66	315	0.20933230126427216
67	88	0.07169100529437239
67	172	0.07384030926088435
67	342	0.05056783182026143
68	103	0.06296321085583005
68	371	0.07133496066797296
69	163	0.05866798899914675
69	169	0.0647780796327712
69	170	0.07077660991662839
69	190	0.06869439404867096
69	191	0.07106451649017087
69	197	0.06286754004545278
69	214	0.07074559934146411
69	215	0.06814319847304515
69	238	0.06642874704012867
69	245	0.061637718260138925
69	338	0.06615554998416105
69	345	0.06300080882461107
69	346	0.0582230798080276
69	352	0.06665242676887548
69	353	0.07415904473552135
69	354	0.06134898734091145
69	358	0.04916915983905304
69	360	0.06925460846290378
70	77	0.07119853429222164
70	106	0.073064711851025
70	121	0.06216665321259076
70	142	0.06845447937134712
70	146	0.07141760482604245
70	154	0.046050049822988624
70	170	0.06604096150399363
70	183	0.0734852542317057
70	197	0.07401198164147724
70	215	0.06469904746379206
70	333	0.0760261816254343
70	346	0.07147302096194674
71	77	0.07503169502526362
71	132	0.07399858231921422
71	135	0.05786099330374976
71	141	0.06458633909043943
71	155	0.051760914432023526
71	163	0.05264366414586958
71	169	0.07246528327129305
71	190	0.06945176922727403
71	191	0.07325128565630915
71	205	0.06336176752163676
71	211	0.0625463074300816
71	216	0.06885626628356468
71	223	0.062133491297624216
71	224	0.05172634621463792
71	230	0.07169875382207609
71	333	0.07150345980576248
71	346	0.07110764587573921
71	347	0.05098702520044001
71	352	0.0562936973790076
71	353	0.07565326413084654
71	354	0.06156818242213898
71	358	0.06325853980698513
71	367	0.057698408481560104
72	78	0.07987868130671838
72	149	0.0712952591601826
72	211	0.07563278204531346
72	217	0.046294009004344654
73	150	0.070933620295675
73	235	0.06537407402505747
73	270	0.06935691885800377
73	278	0.07029296638896412
73	369	0.0708717050676011
74	356	0.09647581659625451
76	78	0.10982602878690431
77	149	0.06901123880282375
77	211	0.06400793167629806
77	333	0.0710188000043441
77	352	0.07317262995169774
79	80	0.09556250639514587
80	286	0.053964271117950824
81	267	0.3299195799093886
82	138	0.16984085534262947
84	95	0.07502166202313396
85	97	0.20794710309466452
87	328	0.24636448307317937
88	102	0.06598083112613098
88	116	0.05025810541144927
88	130	0.0649048787212422
89	350	0.06846896838605614
90	254	0.17683606088134102
91	92	0.06945012945701931
92	93	0.04960137973208404
93	208	0.0686707355764842
94	177	0.09767392025571073
95	117	0.14309169298052538
96	181	0.08316483607914239
96	364	0.0763672646600304
97	174	0.07362135479645351
97	175	0.057933282403557454
98	127	0.07920288888706409
99	135	0.06898889686703079
99	354	0.07629561239091212
99	358	0.07529559545970203
100	105	0.05874086977784517
100	106	0.0681449512138192
100	107	0.04758729247321962
100	113	0.0530600011093337
100	114	0.04671936054812835
100	120	0.05265283726336379
100	121	0.0715908577012814
100	127	0.06896107003436837
100	141	0.07054968304832694
100	142	0.05360052794761182
100	146	0.05963217247731101
100	154	0.061666946670296666
100	169	0.07532793395917363
100	170	0.07347319544951449
100	183	0.06752287238206917
100	188	0.06979701851990877
100	189	0.049448321146056164
100	191	0.07032048342084708
100	204	0.061769423862319116
100	205	0.0712563276938309
100	215	0.06132348513132698
100	324	0.07592990844085805
100	332	0.07339325237635215
100	339	0.06152713937803526
100	346	0.057368095689320414
100	353	0.07366341459719432
100	354	0.06423221978160264
100	358	0.07274251438395704
101	108	0.06877392383309151
101	122	0.060841828674230894
101	136	0.07284693415357416
101	157	0.0701736672017066
101	164	0.07430948227091497
101	185	0.061504037076353865
101	284	0.06225301684293037
101	327	0.06689774035749917
101	341	0.07381434086527545
101	355	0.07576757520353836
102	116	0.0595255493779111
102	130	0.07074179077684788
102	342	0.06719136716495724
103	336	0.07096930404942907
103	350	0.07357041171163389
103	357	0.060618612925068364
103	371	0.05803154312060649
104	184	0.07528750911262112
105	106	0.07171932210127668
105	107	0.04992617698249468
105	112	0.05419642518159612
105	113	0.046597320630446706
105	120	0.04741303215435735
105	127	0.06634301491890189
105	141	0.06575006834675393
105	142	0.05421528245783503
105	146	0.07163290339647334
105	154	0.06421822741286322
105	161	0.07468468460913667
105	169	0.053727495207637685
105	170	0.06364948021082963
105	188	0.05555678789207308
105	189	0.06228097533613146
105	191	0.06101456497466952
105	197	0.07309454854154923
105	204	0.07635390092427784
105	215	0.059174024609064596
105	324	0.07251844255709623
105	339	0.06914903925965389
105	346	0.059983670421776936
105	358	0.06966386760966721
105	365	0.06587625475861818
106	107	0.06231472738531797
106	140	0.073161323386621
106	142	0.05868708042560471
106	146	0.07390753780136379
106	154	0.062456313495827
106	183	0.06745928668408906
106	189	0.0762878087632915
106	324	0.07460425131620738
107	112	0.06792358612677805
107	113	0.05041922875802133
107	114	0.07011723945970305
107	120	0.050331116250105015
107	127	0.07521442374389345
107	140	0.07286142208785754
107	141	0.07285555100906047
107	142	0.05186695134188138
107	146	0.05355200124836444
107	154	0.05719667128736863
107	161	0.07167306423843484
107	169	0.07602268284937684
107	170	0.06943912999710969
107	183	0.07612426121515295
107	188	0.06703131299210227
107	189	0.05992638933555004
107	204	0.07414539213852347
107	215	0.06807582644738198
107	339	0.07110421423814822
107	346	0.06261366175535162
107	365	0.07019176097209072
108	157	0.07618294835065517
108	164	0.07088437394170827
108	191	0.07454325951799042
108	340	0.07484999073783456
109	158	0.09032871466560956
112	113	0.03729658710377049
112	120	0.04806365524889304
112	132	0.05473877138271335
112	135	0.07190722354833116
112	139	0.06936626220376943
112	141	0.04986315825535935
112	142	0.07500085129823242
112	154	0.07196610749010013
112	161	0.0635239794179401
112	163	0.07276806859985473
112	167	0.07265576673925539
112	168	0.0646021636373251
112	169	0.04914783883385251
112	170	0.07341105567690917
112	188	0.04788335576318565
112	189	0.056851609283506875
112	190	0.06939635553554822
112	191	0.07046115968746118
112	203	0.06190005274405596
112	215	0.07316762548480116
112	332	0.06743773157969264
112	338	0.07547358550575436
112	339	0.06540530084973126
112	345	0.06421735415338811
112	346	0.053098150064525826
112	354	0.07563689659517447
112	358	0.05457051780819105
112	359	0.06079206602947428
112	360	0.07341419514210148
112	367	0.07111937335358445
113	114	0.0663949527664335
113	118	0.06600221335135772
113	119	0.0747074424491981
113	120	0.03162169109380793
113	127	0.07602308475647755
113	132	0.06771208160654817
113	135	0.06980390290488132
113	139	0.054984782290644414
113	140	0.06414733941929267
113	141	0.057060873285866606
113	142	0.06561190692495288
113	146	0.06517482886803494
113	154	0.06749275381015821
113	161	0.05586287365396845
113	167	0.06262384272825684
113	168	0.0746759440531497
113	169	0.06570725965317224
113	188	0.03435825418114183
113	189	0.03940903868555097
113	191	0.07630786810601296
113	203	0.05748446076483677
113	204	0.05736445359338064
113	205	0.07624975068751223
113	215	0.07471242444988144
113	324	0.07126204481965437
113	332	0.06413583179286939
113	339	0.04862244733812644
113	346	0.055624978230228696
113	354	0.07301160723209707
113	358	0.06433822943328714
113	359	0.06298173347066434
113	365	0.07153427115069699
114	120	0.06279888704576485
114	135	0.06830031765367454
114	146	0.06237309266798048
114	189	0.06161174459526068
114	204	0.06354907317904725
114	205	0.0738465534141264
114	339	0.07125655494263311
114	346	0.07059937900678266
114	353	0.06517468059439682
114	354	0.06163613332030612
115	143	0.0580346089331214
115	157	0.0715023414152762
116	123	0.07631460191170178
116	130	0.04027464345189905
116	137	0.07041036714282382
116	172	0.06609939833343645
116	200	0.06692116295319023
117	124	0.06873780737950083
117	364	0.06373716551261642
118	119	0.056817691800943204
118	139	0.05918521758615788
118	140	0.06842826187877077
118	161	0.06958893292381348
118	167	0.05809942566217446
118	188	0.056379095477800054
118	189	0.07306368540415967
118	203	0.07225519452467738
118	324	0.06187373694313797
118	339	0.07383174488632294
118	366	0.06925530665731834
119	139	0.0717223673932258
119	167	0.0630350339182391
119	189	0.07088946789048808
119	203	0.07467906845447358
120	127	0.06310796363302115
120	132	0.0725117252607156
120	135	0.06109195282746788
120	139	0.07519441877235887
120	140	0.07643509119446026
120	141	0.050531709419506333
120	142	0.055341585831773385
120	146	0.06699454733386839
120	154	0.06752427100564466
120	161	0.061045240679627494
120	163	0.07265908937147063
120	169	0.06057976041340451
120	170	0.07161056484617516
120	188	0.05159628267885642
120	189	0.04523499737903971
120	190	0.07502395751468194
120	191	0.06709501448811984
120	203	0.06815831947420731
120	204	0.05721424843592859
120	205	0.0657666265233652
120	215	0.06905557920299113
120	216	0.06374140646753285
120	324	0.07603261303463182
120	332	0.06925547097498763
120	339	0.04678891026516252
120	345	0.07523288697629833
120	346	0.047368037688965185
120	353	0.07528192122189292
120	354	0.06794300967175076
120	358	0.060630178004881415
120	359	0.059381591829983385
121	146	0.07084204082107587
121	154	0.07294173973806317
121	215	0.07585204574888929
122	136	0.0582949205442707
122	143	0.06049092754771601
122	157	0.05404877344821067
122	164	0.07110124811654192
122	185	0.05394769458895374
122	224	0.07474898074984494
122	256	0.0755654710479748
122	276	0.0752477639060649
122	334	0.05364950909606802
122	341	0.06592963311193344
122	355	0.07369995219854056
123	130	0.06014564567900135
123	137	0.036545393184470185
123	144	0.06784326424284191
123	219	0.06943973001257685
123	299	0.11874270512378843
124	350	0.06827912784163274
124	364	0.06976694183116192
124	371	0.07306022175510855
125	154	0.07483772034208047
125	168	0.052599739947000596
126	134	0.05484801508556895
126	160	0.059197137192072875
127	142	0.05432307344709113
127	163	0.06830339952401646
127	191	0.06584032741323054
127	205	0.07449424355758269
127	215	0.07635873912615286
127	216	0.05786248145666007
127	339	0.06048223000901132
127	346	0.07186757316834312
127	351	0.07400852388259838
127	354	0.07133908550915016
127	358	0.07398005889478572
128	262	0.07904179739969007
129	150	0.06724434666843919
129	212	0.06359604269796044
129	235	0.06111779244740346
129	286	0.07602092904807138
129	355	0.06912927776500395
130	137	0.05958520163915157
130	172	0.06167289202657043
130	200	0.06952603822847819
130	233	0.0699771023100757
130	342	0.07475089574225371
131	187	0.078845877826853
132	141	0.04371282734693733
132	169	0.05873982946613383
132	188	0.07629891304385614
132	189	0.07557333688801673
132	190	0.07341480143718371
132	204	0.07318075943890777
132	346	0.07306343255385994
132	352	0.07410779083512636
132	358	0.0650161242241547
132	359	0.06857115630031986
132	367	0.07121366193198882
133	366	0.1764498390670665
134	160	0.06255004543783933
135	141	0.06627016648534462
135	163	0.05153660446323521
135	169	0.07592941948564895
135	191	0.06708607176514678
135	205	0.05918181619244685
135	216	0.0451408271075256
135	223	0.07513413257256146
135	224	0.05398763434717406
135	256	0.06883883727916985
135	339	0.07270898552017907
135	346	0.07034765281289575
135	347	0.057482647911124646
135	353	0.07551049541596484
135	354	0.05830996805925732
135	358	0.05810673151584727
135	359	0.0631764234751812
135	367	0.05275778907080641
136	143	0.07573998114745482
136	171	0.07292719158400661
136	185	0.056245570636978534
136	334	0.056204824224345154
136	355	0.06207513485504182
137	144	0.07238489742901878
137	151	0.07314214800230744
137	165	0.07376375665877763
137	200	0.06784228162423146
137	219	0.07301196422570604
138	166	0.06899058786116563
138	357	0.0687963955101932
139	140	0.0709648629620437
139	161	0.06955008259176752
139	167	0.03273261270393556
139	188	0.05588561843377389
139	189	0.06899221948288253
139	203	0.052999464672881684
140	154	0.07269654698136069
140	161	0.05398320948971234
140	167	0.06849617939666199
140	168	0.06983274626933543
140	188	0.07312030852142798
140	189	0.0563972229494803
140	332	0.07342503097096505
140	339	0.07456128717579842
141	142	0.07225530985119209
141	146	0.06832471419739407
141	154	0.06206599549468814
141	155	0.07282653178173959
141	161	0.07103988785528083
141	163	0.06065600468123612
141	168	0.07095808297297583
141	169	0.041284834067136116
141	170	0.05216055662788727
141	188	0.0724069203642484
141	189	0.059504967376669604
141	190	0.04903892447994284
141	191	0.05378836195558398
141	204	0.05819319815470092
141	205	0.06896280198833316
141	215	0.0569269958598376
141	216	0.06896090892016025
141	223	0.07000365234623308
141	224	0.07328265646319487
141	332	0.06486911322853434
141	345	0.06168220059388433
141	346	0.045722490795061944
141	347	0.07634308208706603
141	352	0.06348014432262206
141	353	0.0740749247191781
141	354	0.06648638869321834
141	358	0.051101610553162195
141	359	0.07042567341741993
141	360	0.05897246845680779
141	367	0.06697807353445241
142	146	0.0642628060691451
142	154	0.049257752958031385
142	161	0.06993338591153846
142	163	0.07138477830776818
142	169	0.06557777642204247
142	170	0.05890920486832327
142	183	0.05786075327550225
142	189	0.0573083545518542
142	191	0.06587398455665058
142	197	0.07082949281522168
142	204	0.07325621501955162
142	215	0.059148107866240945
142	216	0.07494083074893258
142	324	0.07488849227429412
142	332	0.07050239332973578
142	333	0.07440926263788666
142	339	0.06090776508072144
142	346	0.045648585879483665
142	354	0.0694160077379169
142	358	0.06791530624684303
142	365	0.07448325602248143
143	157	0.05259467020451824
143	164	0.05456714077609653
143	185	0.04573963234751573
143	212	0.07579731677091464
143	225	0.06316106647386073
143	245	0.06839851152934481
143	276	0.06760053440543354
143	286	0.07224708276466532
143	334	0.07358632767311264
143	341	0.0627112863492541
143	355	0.0638612261119181
144	151	0.07409022727257261
144	193	0.06530634450249202
144	213	0.06556845731742043
144	219	0.07442780621637816
144	226	0.05280770632057131
144	236	0.0705688543775
145	186	0.076076555991867
146	154	0.04732348971312188
146	161	0.07256058751160246
146	168	0.07361999654544643
146	170	0.07384241578123593
146	188	0.07570872889342242
146	189	0.060581411030606255
146	204	0.0662764113794521
146	215	0.06541810961024615
146	332	0.07440424398000772
146	346	0.06466560611962874
146	353	0.07470182386466484
146	354	0.07099952031560815
146	358	0.07541674237633415
146	365	0.07557482255957905
147	161	0.07115861308310589
147	188	0.07195472058512425
148	323	0.07141221029449658
148	324	0.07298337193409614
148	366	0.07236001642681471
149	163	0.07056509446223574
149	211	0.07450516777656842
149	217	0.06867213544240092
149	224	0.07639220906267069
150	171	0.07264911784538733
150	235	0.057059973519490124
151	158	0.06459012357392149
151	200	0.0759420026454638
151	233	0.07495094869036821
151	356	0.06718392089324036
152	357	0.0831052099005583
154	161	0.06336597582327594
154	168	0.05803786345358891
154	169	0.06370317811899202
154	170	0.057033314489879874
154	183	0.05775220647143988
154	189	0.0525526147496849
154	190	0.07402954346595202
154	197	0.07583974066606798
154	204	0.06803464449242785
154	215	0.05682473109872151
154	332	0.06252435041814221
154	346	0.05227812173067341
154	358	0.07591887328740751
155	163	0.06808817245202095
155	190	0.07559402675437418
155	205	0.07389697629289826
155	211	0.07320990384241459
155	223	0.06836409623138752
155	347	0.058542454850607294
155	352	0.06752646615783812
155	353	0.061446825868284954
155	354	0.061472536521643584
155	358	0.07582442491879854
155	367	0.06772875989114992
156	197	0.07005073504303068
157	164	0.05250682269289622
157	185	0.04492364710356716
157	212	0.07441485503522767
157	223	0.07141663249305885
157	224	0.07352040849640834
157	245	0.06964157100353101
157	276	0.0641015105103484
157	334	0.07318904101813027
157	341	0.05074367246959627
157	355	0.06377549804387815
158	356	0.07090969830302156
159	194	0.1527651237798318
161	167	0.06269313047064565
161	168	0.055968980413820396
161	188	0.06727593144266822
161	189	0.03969199697883774
161	203	0.06757135480809133
161	204	0.0708513719593691
161	332	0.05655205791951573
161	339	0.07003917172989628
161	345	0.07233079920604898
161	346	0.05905484848776586
161	353	0.07482006080561883
161	365	0.07524174304226888
162	353	0.08092268438481362
163	169	0.056174042437446635
163	170	0.06808706566020287
163	190	0.047054779374615455
163	191	0.054424966271437177
163	197	0.07088147925720248
163	205	0.04836547237958192
163	211	0.06583947448344271
163	215	0.06357511254165578
163	216	0.05392860042431232
163	221	0.06522615830314649
163	223	0.06730737253459333
163	224	0.04168058118446941
163	229	0.07486091885360699
163	240	0.07007807921317444
163	245	0.0709387546615093
163	256	0.06435183320502695
163	345	0.05160534560296668
163	346	0.05415296713707149
163	347	0.04754163442537355
163	352	0.04469953752171191
163	353	0.06301886770610426
163	354	0.04615437619804991
163	358	0.0392980223280726
163	359	0.06497326573179442
163	360	0.05828964025505056
163	367	0.04379635142626263
163	368	0.06388837834874143
164	185	0.05257348818161687
164	191	0.07423599528246706
164	192	0.07261538436308573
164	199	0.07133058694308443
164	212	0.0670683069877722
164	245	0.06899736148760476
164	276	0.07311563592463272
164	341	0.058888446207258444
164	355	0.05986867085667196
165	200	0.05666711573880659
166	201	0.07448581627368961
166	331	0.0983015300303798
167	168	0.06978539709257212
167	188	0.06466727010238366
167	189	0.06133168298292891
167	203	0.0630991601717948
168	169	0.07591456574729397
168	189	0.062065816481830176
168	332	0.07026334908814282
168	345	0.07278803902248125
168	346	0.06644757555947348
168	372	0.07372738116208642
169	170	0.0471672794730903
169	188	0.07604237379925614
169	189	0.07046616597557791
169	190	0.04685969882066276
169	191	0.03873101414712058
169	197	0.05716427050923556
169	205	0.07420628065925718
169	215	0.0465482360568914
169	216	0.06959172692430726
169	338	0.07220353025605836
169	345	0.0580608589148631
169	346	0.044698055704700264
169	352	0.06091557685438361
169	354	0.06852252677148137
169	358	0.04378465280783426
169	359	0.07484300569022628
169	360	0.04770987052779217
170	183	0.07437023644763067
170	189	0.07531499004247699
170	190	0.05956118934433743
170	191	0.047851382322391466
170	197	0.05641800326139269
170	215	0.04766829882956287
170	216	0.0740635670266064
170	245	0.0739391099667306
170	333	0.07492319234127459
170	338	0.07357337203062705
170	340	0.07165669177083388
170	345	0.07358411586220696
170	346	0.04874297380716045
170	358	0.06310766960570076
170	360	0.06317821625362643
171	369	0.07083342058304905
172	253	0.08280793332593861
172	342	0.07003091281607243
173	308	0.12056483831499426
174	175	0.051472320586448454
174	323	0.06412938863637291
174	324	0.05916943142047298
174	325	0.07294490778639545
174	366	0.07537045941701252
175	182	0.12268005500810901
175	239	0.22318505647944653
175	324	0.062247569011536635
175	366	0.061440091800740025
176	319	0.07897197850390379
177	295	0.057254428015965614
177	296	0.06348140074994287
177	297	0.06416378607173703
177	298	0.0665516917453768
177	316	0.0557387016833771
177	317	0.07042025004147837
177	318	0.0543096487965792
177	319	0.06851786959950965
177	320	0.07325174915594033
178	207	0.0949367236491013
178	307	0.10951890209161975
179	363	0.07433498201981441
180	267	0.07480278638495723
180	300	0.060763070884824306
180	314	0.06705127170136542
180	343	0.07541138632789712
183	189	0.07177576740498243
184	210	0.0713789346605132
184	224	0.06817368158420835
185	199	0.07046955585848173
185	212	0.07509663644704861
185	225	0.07256717144285643
185	276	0.06250810361223852
185	286	0.06350141279945612
185	334	0.05669341998729292
185	341	0.04593271267309226
185	355	0.03867780261022061
186	206	0.06516673086347666
186	227	0.07457414351690991
186	234	0.06730430023228329
186	321	0.06712634595560797
186	335	0.07480440973899986
186	342	0.07745346565904614
186	363	0.062049860292122436
188	189	0.05786574565802661
188	203	0.06192436920162044
188	324	0.06832794048821857
188	332	0.07541603609738363
188	339	0.05932252160943276
188	346	0.07199615980399106
188	358	0.07395612087647394
188	365	0.06540026260688647
188	366	0.07425151179258087
189	203	0.06786966678921445
189	204	0.0546895786152182
189	205	0.07325026182387917
189	215	0.0755095779510345
189	324	0.07424666292050501
189	332	0.050562951475984205
189	339	0.05601905074811392
189	345	0.07442758930479194
189	346	0.04791407123416691
189	353	0.06563904930825544
189	354	0.07002112815078837
189	358	0.06719312552230366
189	359	0.0728603296971219
189	365	0.07644698229939434
190	191	0.06030425658779054
190	197	0.07108151699590932
190	205	0.07325246114997043
190	211	0.06849678767215113
190	215	0.06387378616048016
190	216	0.07389874291366916
190	223	0.07325553251211737
190	224	0.06411285684694358
190	240	0.07640950357378223
190	245	0.06809937548932658
190	345	0.05503990997318375
190	346	0.05757561664001075
190	347	0.07272735241404384
190	352	0.06072621627191078
190	353	0.07414290986794266
190	354	0.06603568148338428
190	358	0.05556454698857058
190	359	0.07597375551019486
190	360	0.04384509871398726
190	367	0.0742236494139459
191	197	0.05496790712906627
191	205	0.07189826124034858
191	211	0.07271503769547111
191	215	0.045459305842804894
191	216	0.05296390565201653
191	224	0.06833530276814641
191	333	0.06515907389745822
191	340	0.05879528424608989
191	345	0.07115126658786176
191	346	0.05366873960958978
191	352	0.06595843526835572
191	354	0.06560492067878165
191	358	0.05055190771685862
191	360	0.05256592910993123
192	199	0.06927212414632916
192	217	0.07604494022001848
192	355	0.0751382224305041
193	213	0.06097813461368364
193	226	0.0621864436070543
193	236	0.06383981415265522
194	280	0.09689154261160417
195	214	0.07313079228620237
195	338	0.05521923218466951
196	359	0.08236067880701245
197	215	0.05874101163710565
197	346	0.07059358998792999
197	358	0.0717583638548
197	360	0.06635893093953067
198	203	0.07545680927244662
198	214	0.06275043556270915
198	332	0.0740215864753878
198	339	0.07596471202264028
198	345	0.0703727018185411
198	346	0.07026818358277805
198	353	0.05846646013691505
198	354	0.059536832511108397
198	358	0.07629217631104328
199	212	0.07381796139806315
199	286	0.06006768604736705
199	355	0.07108056849382507
200	328	0.0753470418861887
201	220	0.05290209033051072
202	285	0.12735674818316345
203	339	0.06349507121246811
203	359	0.06792098614673259
203	372	0.07160725408060553
204	332	0.05709364294494495
204	333	0.07425857096905272
204	339	0.06832850161237154
204	346	0.06390401152585089
204	354	0.07631805783740438
205	216	0.0654311859638842
205	223	0.0741289069420923
205	224	0.057253706627390835
205	256	0.06826277061403126
205	339	0.06916436320910566
205	345	0.0653300370170381
205	346	0.061379821393420964
205	347	0.05617411195189466
205	352	0.05807315205815406
205	353	0.05375558890818961
205	354	0.052651242094761325
205	358	0.057462776265970614
205	359	0.07284545358631986
205	367	0.05491894294385049
205	368	0.06709181673409749
206	363	0.04369025610231575
207	209	0.09458679799222744
207	315	0.07171519065698899
207	350	0.07588881091853696
207	364	0.06948349550639091
208	319	0.06015170827839505
211	223	0.05682624638903878
211	224	0.06490596348978038
211	245	0.07490758573210907
211	333	0.07073617100002198
211	347	0.07288054122173068
211	352	0.05454134506863836
211	354	0.0737255038090083
211	358	0.07176548206412911
212	286	0.06930259165373182
212	341	0.06900156713224298
212	355	0.06322970995325468
213	226	0.05109637835612836
213	236	0.05045084111666228
214	221	0.07313873007926121
214	245	0.06544011077284141
214	332	0.07561931737923858
214	338	0.0559820972947668
214	345	0.07178586967571884
214	346	0.06778665128072278
214	358	0.07168798898770025
215	216	0.07437512899661206
215	333	0.06747085190370637
215	340	0.06764734964089478
215	346	0.048357470270839156
215	354	0.06796571228508948
215	358	0.05944399221769926
215	360	0.06500227044721468
216	224	0.04884989645810351
216	240	0.0728782321060859
216	256	0.05638126319966148
216	257	0.075969904948446
216	339	0.07377576718857776
216	340	0.06453109647233408
216	345	0.07101186483717221
216	346	0.0651199121570654
216	347	0.06464123178940019
216	352	0.07633527815562667
216	354	0.0628949674913596
216	358	0.062211990380090315
216	360	0.07065493936003212
216	367	0.07007977166160106
216	368	0.07626494719479175
217	231	0.06521523411147903
217	283	0.13705178438064644
217	361	0.07540160576669812
219	233	0.06811971555076086
221	223	0.07019025030751896
221	224	0.07283403846311236
221	229	0.06025633454747597
221	238	0.06930375396437381
221	256	0.07569328140836684
221	345	0.06308329334056942
221	347	0.06594600328156854
221	352	0.06872510049528413
221	354	0.07619958317680826
221	367	0.060520544833448334
222	224	0.08751561859634555
223	224	0.055664792881886166
223	229	0.06998166693455742
223	245	0.0727817886293749
223	276	0.07321525331225631
223	345	0.07083027220863182
223	347	0.053879330557344764
223	352	0.058794764359748154
223	354	0.06929554702393034
223	358	0.06446789812549691
223	367	0.0567327605983208
224	229	0.07228755561216597
224	256	0.048214218868990015
224	257	0.06460962211614281
224	276	0.05675465631749879
224	334	0.07582045160258749
224	345	0.06584111056143131
224	346	0.07244470930368424
224	347	0.037666599130178856
224	352	0.057921077733117936
224	353	0.07589323900141572
224	354	0.059289486841798855
224	358	0.06167313908323065
224	360	0.07263014914034362
224	367	0.050143674387989785
224	368	0.06532018023642748
225	235	0.06780974235843154
225	276	0.07041644209286878
225	286	0.06274893053424219
225	348	0.10991486440574179
226	236	0.06141301333849288
226	273	0.11417518326730455
227	237	0.07893485090461469
227	249	0.08210785261119494
228	363	0.09203658967043402
229	347	0.0707462614525418
229	352	0.06579113092698466
229	367	0.07313878501056835
232	251	0.16256908119445904
233	260	0.07261814798279152
233	280	0.061703656844706814
234	244	0.06797662503363754
234	336	0.07252912951628566
235	272	0.06618386969538768
235	279	0.07570253706867414
235	355	0.07545291393990056
237	261	0.07971884776856525
237	322	0.1047726587385302
238	245	0.06392144048340694
240	256	0.07527330362622102
240	345	0.06778356176998082
240	360	0.06535874330811443
241	284	0.06725078312399332
242	279	0.0762627909038885
242	286	0.07193642056301347
245	276	0.07217350672172763
245	345	0.058766884829671
245	346	0.06228908852504063
245	352	0.0654960812177065
245	353	0.07292135087720396
245	354	0.06823564576173713
245	358	0.06975997373130317
246	265	0.06685186346041373
246	270	0.05777664608063834
246	278	0.060970788983133316
246	369	0.07320919965975446
247	259	0.0804928343157359
250	264	0.09110975128786217
250	275	0.127730116725645
250	289	0.09954184698167592
251	278	0.0912852322497173
252	272	0.0500737813014229
254	343	0.09678547829060073
256	257	0.04920195155828183
256	276	0.047840235921487714
256	334	0.06719783395643812
256	347	0.06176078015028738
256	352	0.07399419509311132
256	354	0.0658963214803299
256	358	0.07518548573281905
256	367	0.06850983214551955
256	368	0.063750869343456
257	276	0.0563620463958126
257	334	0.07164643756432539
257	347	0.06543932931773201
257	354	0.07502969687155989
258	278	0.0776388748448128
259	264	0.07681168124100983
259	272	0.0718088667482982
259	279	0.07070603131166636
260	280	0.07446741090295796
260	370	0.06652529435730808
262	268	0.06812487351814736
262	276	0.06670453345923658
262	290	0.07644731861582459
265	270	0.0585204796443204
265	278	0.05377444308554454
266	279	0.15030669895614632
268	276	0.07643092106932454
268	277	0.05995235186611843
269	291	0.10346619215677552
270	278	0.05656474942668236
272	279	0.05457299434429859
276	277	0.06565477779112579
276	278	0.0755380996294963
276	334	0.06881203845670669
276	341	0.07378301854632667
276	347	0.07096214947767682
276	352	0.06919480836048468
276	355	0.0746916151104639
276	368	0.0745538130432019
277	291	0.093477625583176
278	292	0.0697043315662224
280	342	0.07285208940890144
280	370	0.07454533255455346
281	294	0.09717721703632752
281	343	0.0703014157301396
282	284	0.07080396840958388
284	290	0.0756844921803002
284	325	0.07344492370373452
284	327	0.06707462412680992
285	323	0.11342257541309203
286	355	0.06717656205408935
287	342	0.06383309254631513
288	322	0.08845977714314766
293	327	0.1124782525754071
295	296	0.06243937792712288
295	297	0.05047925605401765
295	298	0.0567117158601276
295	316	0.0511266218331813
295	318	0.06100199999215208
295	319	0.05592460707496667
295	320	0.061967300603769516
296	297	0.03492466539073251
296	298	0.0634443919881668
296	311	0.06846558294312544
296	316	0.05453956049851276
296	317	0.05150982854906943
296	318	0.05249559679860703
296	319	0.06154177688407411
296	320	0.06493858391732252
297	298	0.05389463604970649
297	316	0.057263690366972375
297	317	0.06698207821376963
297	318	0.04878787381882588
297	319	0.0539203544619115
297	320	0.05515347785692953
298	312	0.07212592477532682
298	316	0.06497836168657094
298	318	0.06387911445287624
298	319	0.04767608135362579
298	320	0.055433421878218904
299	312	0.08261084594403169
300	314	0.07370491926809675
300	335	0.06498351345177276
302	303	0.13890103429016531
302	306	0.25930629163515123
302	309	0.06896757207784239
302	310	0.04510591173205176
302	311	0.06463952997853593
304	314	0.07662922403836919
305	310	0.07522151108202654
305	311	0.06714953976069198
305	312	0.04572377561039436
305	313	0.07159303468951886
307	308	0.12845918529174488
309	310	0.0506573050368439
310	311	0.0482794970108038
310	312	0.06514169315289159
311	312	0.06485523247395679
311	316	0.07116463067567963
312	313	0.07326069169811154
312	316	0.06804312498525375
314	335	0.0726990631465307
314	344	0.06965299871419392
315	329	0.06741804528003122
316	317	0.05722096651679769
316	318	0.05797327780491123
316	319	0.06527251987015101
316	320	0.06995710922818119
317	318	0.055663250992603996
317	319	0.0743713105024813
318	319	0.04219175146802621
318	320	0.06273269213661085
318	330	0.07199623960881196
319	320	0.05477906861552094
319	326	0.08314120062187534
319	330	0.06639568703829289
320	330	0.07544387787042048
323	324	0.0435519473712991
323	325	0.06730646947667428
323	365	0.07149341613412138
323	366	0.07502977066224813
324	325	0.06884950391077492
324	337	0.06455119805481872
324	339	0.05753892615288809
324	365	0.06680696270820977
324	366	0.06225734214288868
332	339	0.06271255584864918
332	345	0.07194641185441239
332	346	0.05152070478320858
332	353	0.06866150942204922
332	354	0.07025420879862901
332	358	0.06709520899030322
333	346	0.06912319247927713
333	352	0.0751385046672311
333	354	0.06843195458776183
333	358	0.07068897861947818
334	341	0.07063078827635233
334	355	0.07036855912043188
335	344	0.07197956640484915
335	363	0.07292299143029508
336	357	0.07580545443681944
337	339	0.0583136752689602
337	365	0.07285794069649676
338	346	0.07487309055296962
338	358	0.07632352457733611
338	360	0.06366122744333157
339	346	0.061815905623498445
339	353	0.07568052210883135
339	354	0.06549890908433281
339	358	0.069559249718657
341	355	0.06117897253416237
342	349	0.07268502532770131
343	350	0.07595283015478164
345	346	0.048716739730397425
345	347	0.06898146137856842
345	352	0.05084111524602902
345	353	0.05687344117633032
345	354	0.05625742112504702
345	358	0.04926083878715084
345	359	0.0756200063987837
345	360	0.06798377485510501
345	367	0.06094663548696587
345	368	0.06427785240457988
346	352	0.06417313465637078
346	353	0.05957938261942439
346	354	0.05104854600847435
346	358	0.040268328899303325
346	359	0.07088244080650961
346	360	0.06756855987181225
346	367	0.07303431196799536
346	368	0.07057665851907667
347	352	0.0630301937122339
347	353	0.05954690899232391
347	354	0.05425729596919486
347	358	0.06750180973008148
347	367	0.04618174883074418
347	368	0.07399955283591642
350	364	0.07559160223559934
350	371	0.06597248766169199
352	353	0.06616626683377912
352	354	0.05475412348611385
352	358	0.04837941447722668
352	360	0.0716494079070205
352	367	0.05649793888471497
353	354	0.03774949782002775
353	358	0.06271491208385215
353	359	0.07079094031577453
353	367	0.06557350754897655
353	368	0.07214564198613803
354	358	0.04429476005214242
354	359	0.07407310888185843
354	367	0.06170018710982472
354	368	0.06548728730723656
357	371	0.060008315695773425
358	359	0.06640580631588176
358	360	0.06226450014624041
358	367	0.057532977924613274
358	368	0.06850589263602407
359	367	0.06806356854348138
360	373	0.18622887900441262
365	366	0.07541361432152731
367	368	0.07564686115214883
